epoch,ctc_loss,loss,train_acc,train_leven,val_acc,val_ctc_loss,val_leven,val_loss
0,3.6769414,3.6771472413666224,67.5,0.5125,71.25,3.0171194076538086,0.4916,2.560134172439575
1,2.964125,2.9640492293218643,86.25,0.425,90.05,3.0114030838012695,0.3026,2.5581514835357666
2,2.9596627,2.959744881289401,82.5,0.5875,86.09,3.0167853832244873,0.3476,2.5687801837921143
3,2.9567447,2.956759329173322,63.75,0.575,72.92,3.0063698291778564,0.4939,2.5571517944335938
